DROP TABLE Effectuer;
DROP TABLE EffectuerQualification;
DROP TABLE Course;
DROP TABLE Circuit;
DROP TABLE Appartenir;
DROP TABLE Ecurie;
DROP TABLE Pilote;


-- script de creation des tables de la base F1
CREATE TABLE Pilote(
nuPilote number(5) constraint pk_pilote Primary key, 
nomPilote varchar2(20), 
prenomPilote varchar2(20),
nationalite varchar2(20)
);

create table Ecurie(
nuEcurie number(5) constraint pk_ecurie Primary key,
nomEcurie varchar2(20)
);

create table Appartenir(
nuPilote number(5) constraint fk_pilote_appartenir references Pilote(nuPilote),
nuEcurie number(5) constraint fk_ecurie references Ecurie(nuEcurie),
annee number(4),
constraint pk_appartenir primary key (nuPilote, nuEcurie, annee)
);


CREATE TABLE Circuit(
nuCi number(5) constraint pk_circuit primary key,
nomCi varchar2(20),
paysCi varchar2(20),
longueurCi number(5),
nbTours number(3)
);

create table Course(
nuCo number(5) constraint pk_course primary key,
anneeCo number(4),
meteo varchar2(5) constraint ck_meteo check (meteo in ('sec','pluie','mix')),
nuCi number(5) constraint fk_co_ci references Circuit(nuCi)
);

create table EffectuerQualification(
nuCo number(5) constraint fk_co_effectuerQualif references Course(nuCo),
nuPilote number(5) constraint fk_pilote_effectuerQualif references Pilote(nuPilote),
classement number(2),
tempsTour number(6),
constraint pk_effectuerQualification primary key (nuCO, nuPilote)
);


create table Effectuer(
nuCo number(5) constraint fk_co_effectuer references Course(nuCo),
nuPilote number(5) constraint fk_pilote_effectuer references Pilote(nuPilote),
classement number(2),
temps number(6),
tempsTour number(6),
constraint pk_effectuer primary key (nuCO, nuPilote)
);




INSERT INTO PILOTE VALUES (1, 'HAMILTON','Lewis', 'Royaume-Uni');    
INSERT INTO PILOTE VALUES (2, 'MASSA', 'Felipe', 'Bresil');
INSERT INTO PILOTE VALUES (3, 'RAIKKONEN','Kimi', 'Finlande');
INSERT INTO PILOTE VALUES (4, 'KUBICA', 'Robert', 'Pologne');
INSERT INTO PILOTE VALUES (5, 'SCHUMACHER', 'Mickael', 'Allemagne');
INSERT INTO PILOTE VALUES (6, 'ALONSO','Fernando', 'Espagne'); 
INSERT INTO PILOTE VALUES (7, 'FISICHELLA', 'Giancarlo','Italie');



INSERT INTO ECURIE values (1, 'Ferrari');
INSERT INTO ECURIE values (2, 'McLarenMercedes');
INSERT INTO ECURIE values (3, 'Renault');
INSERT INTO ECURIE values (4, 'WilliamsBMW');
INSERT INTO ECURIE values (5, 'Force India');



INSERT INTO APPARTENIR values (1,2,2009);
INSERT INTO APPARTENIR values (1,2,2008);
INSERT INTO APPARTENIR values (1,2,2007);    
INSERT INTO APPARTENIR values (2,1,2009);
INSERT INTO APPARTENIR values (2,1,2008);
INSERT INTO APPARTENIR values (2,1,2007);
INSERT INTO APPARTENIR values (2,1,2006);
INSERT INTO APPARTENIR values (3,1,2009);
INSERT INTO APPARTENIR values (3,1,2008);
INSERT INTO APPARTENIR values (3,1,2007);
INSERT INTO APPARTENIR values (3,2,2006);
INSERT INTO APPARTENIR values (4,4,2009);
INSERT INTO APPARTENIR values (4,4,2008);
INSERT INTO APPARTENIR values (4,4,2007);
INSERT INTO APPARTENIR values (4,4,2006);
INSERT INTO APPARTENIR values (5,1,2006);
INSERT INTO APPARTENIR values (6,3,2009);
INSERT INTO APPARTENIR values (6,3,2008);
INSERT INTO APPARTENIR values (6,2,2007);
INSERT INTO APPARTENIR values (6,3,2006);
INSERT INTO APPARTENIR values (7,5,2009);
INSERT INTO APPARTENIR values (7,5,2008);
INSERT INTO APPARTENIR values (7,3,2007);
INSERT INTO APPARTENIR values (7,3,2006);

INSERT INTO CIRCUIT values (1, 'Silverstone','Grande-Bretagne',5141, 60);
INSERT INTO CIRCUIT values (2, 'Gilles-Villeneuve','Canada',4361, 70);
INSERT INTO CIRCUIT values (3, 'Shangai','Chine', 5451, 56);
INSERT INTO CIRCUIT values (4, 'Albert Park','Australie', 5303, 58);
INSERT INTO CIRCUIT values (5, 'Magny-Cours','France', 4411, 68);
INSERT INTO CIRCUIT values (6, 'Yas Marina Circuit','Emirats Arabes Unis', 5505, 55);



INSERT INTO COURSE values (1, 2006, 'pluie',1);
INSERT INTO COURSE values (2, 2006, 'sec',2);
INSERT INTO COURSE values (3, 2006, 'pluie',3);
INSERT INTO COURSE values (4, 2006, 'pluie',5);
INSERT INTO COURSE values (5, 2007, 'sec',1);
INSERT INTO COURSE values (6, 2007, 'sec',2);
INSERT INTO COURSE values (7, 2007, 'pluie',3);
INSERT INTO COURSE values (8, 2008, 'mix',1);
INSERT INTO COURSE values (9, 2008, 'sec',2);
INSERT INTO COURSE values (10, 2008, 'pluie',3);
INSERT INTO COURSE values (11, 2009, 'pluie',1);
INSERT INTO COURSE values (12, 2009, 'pluie',2);
INSERT INTO COURSE values (13, 2009, 'mix',3);
INSERT INTO COURSE values (14, 2009, 'sec',6);



INSERT INTO EFFECTUERQUALIFICATION values (1,6,1, 80);
INSERT INTO EFFECTUERQUALIFICATION values (1,5,2, 81);
INSERT INTO EFFECTUERQUALIFICATION values (1,3,6, 82);
INSERT INTO EFFECTUERQUALIFICATION values (1,2,3, 81);
INSERT INTO EFFECTUERQUALIFICATION values (1,7,4, 82);


INSERT INTO EFFECTUER values (1,6,1, 4980, 81);
INSERT INTO EFFECTUER values (1,5,2, 4996, 81);
INSERT INTO EFFECTUER values (1,3,3 , 5010, 82);
INSERT INTO EFFECTUER values (1,2,5,5016, 82);
INSERT INTO EFFECTUER values (1,7,4,5012, 82);

INSERT INTO EFFECTUERQUALIFICATION values (2,6,1, 75);
INSERT INTO EFFECTUERQUALIFICATION values (2,5,2, 75);
INSERT INTO EFFECTUERQUALIFICATION values (2,7,6, 76);
INSERT INTO EFFECTUERQUALIFICATION values (2,2,7, 77);

INSERT INTO EFFECTUER values (2,6,1,5390, 75);
INSERT INTO EFFECTUER values (2,5,2,5395, 75);
INSERT INTO EFFECTUER values (2,7,3,5410, 75);
INSERT INTO EFFECTUER values (2,2,4,5416, 76);

INSERT INTO EFFECTUERQUALIFICATION values (3,5,1, 77);
INSERT INTO EFFECTUERQUALIFICATION values (3,6,6, 79);
INSERT INTO EFFECTUERQUALIFICATION values (3,7,2, 77);
INSERT INTO EFFECTUERQUALIFICATION values (3,4,9, 80);

INSERT INTO EFFECTUER values (3,5,1, 4559, 78);
INSERT INTO EFFECTUER values (3,6,2, 4580, 79);
INSERT INTO EFFECTUER values (3,7,3, 5601, 79);
INSERT INTO EFFECTUER values (3,4,13,4630, 82);



INSERT INTO EFFECTUERQUALIFICATION values (5,3,3, 80);
INSERT INTO EFFECTUERQUALIFICATION values (5,6,1, 79);
INSERT INTO EFFECTUERQUALIFICATION values (5,1,2, 79);
INSERT INTO EFFECTUERQUALIFICATION values (5,4,8, 81);
INSERT INTO EFFECTUERQUALIFICATION values (5,2,7, 81);


INSERT INTO EFFECTUER values (5,3,1, 5000, 80);
INSERT INTO EFFECTUER values (5,6,2, 5010, 79);
INSERT INTO EFFECTUER values (5,1,3, 5060, 80);
INSERT INTO EFFECTUER values (5,4,4, 5070, 81);
INSERT INTO EFFECTUER values (5,2,5, 5075, 80);

INSERT INTO EFFECTUERQUALIFICATION values (6,1,3,76);
INSERT INTO EFFECTUERQUALIFICATION values (6,3,4,78);
INSERT INTO EFFECTUERQUALIFICATION values (6,6,6,79);
INSERT INTO EFFECTUERQUALIFICATION values (6,5,7,79);


INSERT INTO EFFECTUER values (6,1,1,5450, 77);
INSERT INTO EFFECTUER values (6,3,5,5502, 82);
INSERT INTO EFFECTUER values (6,6,7,5523, 83);
INSERT INTO EFFECTUER values (6,5,8,5524, 84);

INSERT INTO EFFECTUERQUALIFICATION values (7,3,1, 76);
INSERT INTO EFFECTUERQUALIFICATION values (7,6,2, 77);
INSERT INTO EFFECTUERQUALIFICATION values (7,2,3, 78);
INSERT INTO EFFECTUERQUALIFICATION values (7,7,11, 82);

INSERT INTO EFFECTUER values (7,3,1, 4570, 75);
INSERT INTO EFFECTUER values (7,6,2, 4600, 76);
INSERT INTO EFFECTUER values (7,2,3, 4610, 78);
INSERT INTO EFFECTUER values (7,7,11, 4650, 79);

INSERT INTO EFFECTUERQUALIFICATION values (8,1,1, 79);
INSERT INTO EFFECTUERQUALIFICATION values (8,3,4, 81);
INSERT INTO EFFECTUERQUALIFICATION values (8,6,6, 82);
INSERT INTO EFFECTUERQUALIFICATION values (8,2,13, 84);

INSERT INTO EFFECTUER values (8,1,1, 4990, 79);
INSERT INTO EFFECTUER values (8,3,4, 4999, 78);
INSERT INTO EFFECTUER values (8,6,6, 5050, 80);



INSERT INTO EFFECTUER values (9,1,1, 5400, 75);
INSERT INTO EFFECTUER values (9,2,2, 5403, 75);
INSERT INTO EFFECTUER values (9,3,3, 5410, 76);
INSERT INTO EFFECTUER values (9,6,4, 5490, 76);
INSERT INTO EFFECTUER values (9,4,6, 5500, 77);
INSERT INTO EFFECTUER values (9,7,17, 5530, 76);

--Q9
SELECT AVG (TEMPS) FROM EFFECTUER WHERE (NUCO = 1);

--Q10
SELECT NUCO, AVG (TEMPS) AS tempsCroissant FROM EFFECTUER GROUP BY NUCO ORDER BY tempsCroissant;

--Q11
SELECT NUCO, AVG (TEMPS) FROM EFFECTUER GROUP BY NUCO HAVING (AVG (TEMPS) < 5000);

--Q12
SELECT NUPILOTE, COUNT (DISTINCT NUECURIE) FROM APPARTENIR GROUP BY NUPILOTE HAVING COUNT (DISTINCT NUECURIE) >= 2;

--Q13
SELECT NUCO, ANNEECO, NOMCI, PAYSCI FROM COURSE, CIRCUIT;
-- Ici on a un produit cartésien
SELECT NUCO, ANNEECO, NOMCI, PAYSCI FROM COURSE, CIRCUIT WHERE COURSE.NUCI = CIRCUIT.NUCI;
-- Ici on a une jointure

--Q13 bis
SELECT DISTINCT NOMCI, PAYSCI FROM CIRCUIT, COURSE WHERE (CIRCUIT.NUCI = COURSE.NUCI AND COURSE.METEO = 'pluie');

--Q14
SELECT NOMPILOTE, PRENOMPILOTE, NATIONALITE FROM PILOTE, ECURIE, APPARTENIR WHERE (ECURIE.NUECURIE = APPARTENIR.NUECURIE AND PILOTE.NUPILOTE = APPARTENIR.NUPILOTE AND NOMECURIE = 'Ferrari');

--Q15
--Jointure
SELECT NOMPILOTE, PRENOMPILOTE, NATIONALITE FROM PILOTE, ECURIE, APPARTENIR WHERE (ECURIE.NUECURIE = APPARTENIR.NUECURIE AND PILOTE.NUPILOTE = APPARTENIR.NUPILOTE AND NOMECURIE = 'Ferrari' AND ANNEE = 2006);
--Imbriquée
SELECT NOMPILOTE, PRENOMPILOTE, NATIONALITE FROM PILOTE WHERE NUPILOTE IN (SELECT NUPILOTE FROM APPARTENIR WHERE NUECURIE IN (SELECT NUECURIE FROM ECURIE WHERE NOMECURIE = 'Ferrari') AND ANNEE = 2006);

--Q16
SELECT DISTINCT NOMPILOTE, PRENOMPILOTE, NATIONALITE FROM PILOTE, CIRCUIT, EFFECTUER, COURSE WHERE (PILOTE.NUPILOTE = EFFECTUER.NUPILOTE AND COURSE.NUCO = EFFECTUER.NUCO AND COURSE.NUCI = CIRCUIT.NUCI  AND EFFECTUER.CLASSEMENT = 1 AND CIRCUIT.NOMCI = 'Silverstone');

--Q17
SELECT DISTINCT NOMPILOTE, PRENOMPILOTE, NATIONALITE, TEMPSTOUR FROM PILOTE, CIRCUIT, EFFECTUER, COURSE WHERE (PILOTE.NUPILOTE = EFFECTUER.NUPILOTE AND COURSE.NUCO = EFFECTUER.NUCO AND COURSE.NUCI = CIRCUIT.NUCI  AND EFFECTUER.CLASSEMENT = 1 AND CIRCUIT.NOMCI = 'Silverstone');

--Q18
--Il faut que les attributs que l'on veut afficher soient dans la même relation

--Q19
SELECT NUCI FROM CIRCUIT MINUS (SELECT COURSE.NUCI FROM COURSE); 

--Q20
SELECT DISTINCT NOMPILOTE, PRENOMPILOTE FROM PILOTE, CIRCUIT, EFFECTUER, COURSE WHERE 
(PILOTE.NUPILOTE = EFFECTUER.NUPILOTE 
AND COURSE.NUCO = EFFECTUER.NUCO 
AND COURSE.NUCI = CIRCUIT.NUCI  
AND EFFECTUER.CLASSEMENT = 1 
AND CIRCUIT.NOMCI = 'Silverstone')
INTERSECT
SELECT DISTINCT NOMPILOTE, PRENOMPILOTE FROM PILOTE, CIRCUIT, EFFECTUER, COURSE WHERE 
(PILOTE.NUPILOTE = EFFECTUER.NUPILOTE 
AND COURSE.NUCO = EFFECTUER.NUCO 
AND COURSE.NUCI = CIRCUIT.NUCI  
AND EFFECTUER.CLASSEMENT = 1 
AND CIRCUIT.NOMCI = 'Gilles-Villeneuve');

--Q21
SELECT NUCI FROM CIRCUIT MINUS (SELECT COURSE.NUCI FROM COURSE WHERE COURSE.ANNEECO = 2009);

--Q22
SELECT NOMCI FROM CIRCUIT WHERE NUCI NOT IN (SELECT NUCI FROM COURSE WHERE COURSE.ANNEECO = 2009) AND NUCI IN (SELECT NUCI FROM COURSE WHERE COURSE.ANNEECO < 2009);

--Q23
SELECT NOMCI FROM CIRCUIT, COURSE WHERE CIRCUIT.NUCI = COURSE.NUCI AND COURSE.ANNEECO <= 2009 
MINUS (SELECT NOMCI FROM CIRCUIT, COURSE WHERE (CIRCUIT.NUCI = COURSE.NUCI AND COURSE.ANNEECO < 2009));

--Q24
select nompilote, effectuer.nuco from pilote, effectuer, effectuerqualification where effectuer.nupilote = pilote.nupilote 
and pilote.nupilote = effectuerqualification.nupilote 
and effectuer.nuco = effectuerqualification.nuco 
and effectuer.classement < effectuerqualification.classement ;

--Q25
SELECT NOMPILOTE, EFFECTUER.NUCO FROM PILOTE, EFFECTUER, EFFECTUERQUALIFICATION WHERE EFFECTUER.NUPILOTE = PILOTE.NUPILOTE 
AND PILOTE.NUPILOTE = EFFECTUERQUALIFICATION.NUPILOTE
AND EFFECTUER.NUCO = EFFECTUERQUALIFICATION.NUCO
AND EFFECTUER.CLASSEMENT = EFFECTUERQUALIFICATION.CLASSEMENT;

--Q26
select effectuerqualification.nuco, pilote.nompilote from pilote, effectuer, effectuerqualification 
where pilote.nupilote = effectuerqualification.nupilote 
minus (select effectuerqualification.nuco,pilote.nompilote from course, pilote,effectuer,effectuerqualification 
where effectuer.nupilote = pilote.nupilote and pilote.nupilote = effectuerqualification.nupilote and effectuer.nuco = effectuerqualification.nuco);

--Q27 

--Q28
SELECT NOMPILOTE, PRENOMPILOTE FROM PILOTE,EFFECTUER,COURSE WHERE COURSE.NUCO = 5 AND 

commit;
